id,url,FsF_A1_01M_1_earned,FsF_A1_01M_earned,FsF_A1_02MD_1_earned,FsF_A1_02MD_2_earned,FsF_A1_02MD_earned,FsF_A1_1_01MD_1_earned,FsF_A1_1_01MD_2_earned,FsF_A1_1_01MD_earned,FsF_A1_2_01MD_1_earned,FsF_A1_2_01MD_2_earned,FsF_A1_2_01MD_earned,FsF_F1_01MD_1_earned,FsF_F1_01MD_2_earned,FsF_F1_01MD_earned,FsF_F1_02MD_1_earned,FsF_F1_02MD_2_earned,FsF_F1_02MD_4_earned,FsF_F1_02MD_5_earned,FsF_F1_02MD_earned,FsF_F2_01M_2_earned,FsF_F2_01M_3_earned,FsF_F2_01M_earned,FsF_F3_01M_2_earned,FsF_F3_01M_earned,FsF_F4_01M_1_earned,FsF_F4_01M_earned,FsF_I1_01M_1_earned,FsF_I1_01M_2_earned,FsF_I1_01M_earned,FsF_I2_01M_2_earned,FsF_I2_01M_earned,FsF_I3_01M_1_earned,FsF_I3_01M_2_earned,FsF_I3_01M_earned,FsF_R1_01M_1_earned,FsF_R1_01M_2_earned,FsF_R1_01M_3_earned,FsF_R1_01M_earned,FsF_R1_1_01M_1_earned,FsF_R1_1_01M_earned,FsF_R1_2_01M_1_earned,FsF_R1_2_01M_2_earned,FsF_R1_2_01M_earned,FsF_R1_3_01M_1_earned,FsF_R1_3_01M_3_earned,FsF_R1_3_01M_earned,FsF_R1_3_02D_1_earned,FsF_R1_3_02D_earned,score_earned_A,score_earned_A1,score_earned_A1_1,score_earned_A1_2,score_earned_F,score_earned_F1,score_earned_F2,score_earned_F3,score_earned_F4,score_earned_FAIR,score_earned_I,score_earned_I1,score_earned_I2,score_earned_I3,score_earned_R,score_earned_R1,score_earned_R1_1,score_earned_R1_2,score_earned_R1_3
icane,https://lod-cloud.net/dataset/icane,0,0,1,0,1,1,0,1,1,0,1,1,0,1,0,0,0,0,0,0,0,0,0,0,0,0,0,2,2,2,2,0,0,0,1,0,0,1,0,0,0,0,0,0,1,1,0,0,3,1,1,1,1,1,0,0,0,10.0,4,2,2,0,2,1,0,0,1
dbpedia,https://lod-cloud.net/dataset/dbpedia,0,0,1,0,1,1,0,1,1,0,1,1,0,1,0,0,0,0,0,0,0,0,0,0,0,0,0,2,2,2,2,0,0,0,1,0,0,1,0,0,0,0,0,0,1,1,0,0,3,1,1,1,1,1,0,0,0,10.0,4,2,2,0,2,1,0,0,1
dbpedia-es,https://lod-cloud.net/dataset/dbpedia-es,0,0,1,0,1,1,0,1,1,0,1,1,0,1,0,0,0,0,0,0,0,0,0,0,0,0,0,2,2,2,2,0,0,0,1,0,0,1,0,0,0,0,0,0,1,1,0,0,3,1,1,1,1,1,0,0,0,10.0,4,2,2,0,2,1,0,0,1
geographic-names-information-system-gnis,https://lod-cloud.net/dataset/geographic-names-information-system-gnis,0,0,1,0,1,1,0,1,1,0,1,1,0,1,0,0,0,0,0,0,0,0,0,0,0,0,0,2,2,2,2,0,0,0,1,0,0,1,0,0,0,0,0,0,1,1,0,0,3,1,1,1,1,1,0,0,0,10.0,4,2,2,0,2,1,0,0,1
lod2-project-wiki,https://lod-cloud.net/dataset/lod2-project-wiki,0,0,1,0,1,1,0,1,1,0,1,1,0,1,0,0,0,0,0,0,0,0,0,0,0,0,0,2,2,2,2,0,0,0,1,0,0,1,0,0,0,0,0,0,1,1,0,0,3,1,1,1,1,1,0,0,0,10.0,4,2,2,0,2,1,0,0,1
open-data-thesaurus,https://lod-cloud.net/dataset/open-data-thesaurus,0,0,1,0,1,1,0,1,1,0,1,1,0,1,0,0,0,0,0,0,0,0,0,0,0,0,0,2,2,2,2,0,0,0,1,0,0,1,0,0,0,0,0,0,1,1,0,0,3,1,1,1,1,1,0,0,0,10.0,4,2,2,0,2,1,0,0,1
opencalais,https://lod-cloud.net/dataset/opencalais,0,0,1,0,1,1,0,1,1,0,1,1,0,1,0,0,0,0,0,0,0,0,0,0,0,0,0,2,2,2,2,0,0,0,1,0,0,1,0,0,0,0,0,0,1,1,0,0,3,1,1,1,1,1,0,0,0,10.0,4,2,2,0,2,1,0,0,1
foodpedia,https://lod-cloud.net/dataset/foodpedia,0,0,1,0,1,1,0,1,1,0,1,1,0,1,0,0,0,0,0,0,0,0,0,0,0,0,0,2,2,2,2,0,0,0,1,0,0,1,0,0,0,0,0,0,1,1,0,0,3,1,1,1,1,1,0,0,0,10.0,4,2,2,0,2,1,0,0,1
ispra-lod-place,https://lod-cloud.net/dataset/ispra-lod-place,0,0,1,0,1,1,0,1,1,0,1,1,0,1,0,0,0,0,0,0,0,0,0,0,0,0,0,2,2,2,2,0,0,0,1,0,0,1,0,0,0,0,0,0,1,1,0,0,3,1,1,1,1,1,0,0,0,10.0,4,2,2,0,2,1,0,0,1
linked-crunchbase,https://lod-cloud.net/dataset/linked-crunchbase,0,0,1,0,1,1,0,1,1,0,1,1,0,1,0,0,0,0,0,0,0,0,0,0,0,0,0,2,2,2,2,0,0,0,1,0,0,1,0,0,0,0,0,0,1,1,0,0,3,1,1,1,1,1,0,0,0,10.0,4,2,2,0,2,1,0,0,1
talis-openlibrary,https://lod-cloud.net/dataset/talis-openlibrary,0,0,1,0,1,1,0,1,1,0,1,1,0,1,0,0,0,0,0,0,0,0,0,0,0,0,0,2,2,2,2,0,0,0,1,0,0,1,0,0,0,0,0,0,1,1,0,0,3,1,1,1,1,1,0,0,0,10.0,4,2,2,0,2,1,0,0,1
dbpedia-el,https://lod-cloud.net/dataset/dbpedia-el,0,0,1,0,1,1,0,1,1,0,1,1,0,1,0,0,0,0,0,0,0,0,0,0,0,0,0,2,2,2,2,0,0,0,1,0,0,1,0,0,0,0,0,0,1,1,0,0,3,1,1,1,1,1,0,0,0,10.0,4,2,2,0,2,1,0,0,1
opencyc,https://lod-cloud.net/dataset/opencyc,0,0,1,0,1,1,0,1,1,0,1,1,0,1,0,0,0,0,0,0,0,0,0,0,0,0,0,2,2,2,2,0,0,0,1,0,0,1,0,0,0,0,0,0,1,1,0,0,3,1,1,1,1,1,0,0,0,10.0,4,2,2,0,2,1,0,0,1
yago,https://lod-cloud.net/dataset/yago,0,0,1,0,1,1,0,1,1,0,1,1,0,1,0,0,0,0,0,0,0,0,0,0,0,0,0,2,2,2,2,0,0,0,1,0,0,1,0,0,0,0,0,0,1,1,0,0,3,1,1,1,1,1,0,0,0,10.0,4,2,2,0,2,1,0,0,1
enipedia,https://lod-cloud.net/dataset/enipedia,0,0,1,0,1,1,0,1,1,0,1,1,0,1,0,0,0,0,0,0,0,0,0,0,0,0,0,2,2,2,2,0,0,0,1,0,0,1,0,0,0,0,0,0,1,1,0,0,3,1,1,1,1,1,0,0,0,10.0,4,2,2,0,2,1,0,0,1
Suface_Forestière_Mondiale_1990-2016,https://lod-cloud.net/dataset/Suface_Forestière_Mondiale_1990-2016,0,0,0,0,0,1,0,1,1,0,1,1,0,1,0,0,0,0,0,0,0,0,0,0,0,0,0,0,0,0,0,0,0,0,0,0,0,0,0,0,0,0,0,0,0,0,0,0,2,0,1,1,1,1,0,0,0,3.0,0,0,0,0,0,0,0,0,0
w3c,https://lod-cloud.net/dataset/w3c,0,0,1,0,1,1,0,1,1,0,1,1,0,1,0,0,0,0,0,0,0,0,0,0,0,0,0,2,2,2,2,0,0,0,1,0,0,1,0,0,0,0,0,0,1,1,0,0,3,1,1,1,1,1,0,0,0,10.0,4,2,2,0,2,1,0,0,1
meducator,https://lod-cloud.net/dataset/meducator,0,0,1,0,1,1,0,1,1,0,1,1,0,1,0,0,0,0,0,0,0,0,0,0,0,0,0,2,2,2,2,0,0,0,1,0,0,1,0,0,0,0,0,0,1,1,0,0,3,1,1,1,1,1,0,0,0,10.0,4,2,2,0,2,1,0,0,1
productontology,https://lod-cloud.net/dataset/productontology,0,0,1,0,1,1,0,1,1,0,1,1,0,1,0,0,0,0,0,0,0,0,0,0,0,0,0,2,2,2,2,0,0,0,1,0,0,1,0,0,0,0,0,0,1,1,0,0,3,1,1,1,1,1,0,0,0,10.0,4,2,2,0,2,1,0,0,1
influence-tracker-dataset,https://lod-cloud.net/dataset/influence-tracker-dataset,0,0,1,0,1,1,0,1,1,0,1,1,0,1,0,0,0,0,0,0,0,0,0,0,0,0,0,2,2,2,2,0,0,0,1,0,0,1,0,0,0,0,0,0,1,1,0,0,3,1,1,1,1,1,0,0,0,10.0,4,2,2,0,2,1,0,0,1
muninn-world-war-i,https://lod-cloud.net/dataset/muninn-world-war-i,0,0,1,0,1,1,0,1,1,0,1,1,0,1,0,0,0,0,0,0,0,0,0,0,0,0,0,2,2,2,2,0,0,0,1,0,0,1,0,0,0,0,0,0,1,1,0,0,3,1,1,1,1,1,0,0,0,10.0,4,2,2,0,2,1,0,0,1
nobelprizes,https://lod-cloud.net/dataset/nobelprizes,0,0,1,0,1,1,0,1,1,0,1,1,0,1,0,0,0,0,0,0,0,0,0,0,0,0,0,2,2,2,2,0,0,0,1,0,0,1,0,0,0,0,0,0,1,1,0,0,3,1,1,1,1,1,0,0,0,10.0,4,2,2,0,2,1,0,0,1
epa-rcra,https://lod-cloud.net/dataset/epa-rcra,0,0,1,0,1,1,0,1,1,0,1,1,0,1,0,0,0,0,0,0,0,0,0,0,0,0,0,2,2,2,2,0,0,0,1,0,0,1,0,0,0,0,0,0,1,1,0,0,3,1,1,1,1,1,0,0,0,10.0,4,2,2,0,2,1,0,0,1
epa-frs,https://lod-cloud.net/dataset/epa-frs,0,0,1,0,1,1,0,1,1,0,1,1,0,1,0,0,0,0,0,0,0,0,0,0,0,0,0,2,2,2,2,0,0,0,1,0,0,1,0,0,0,0,0,0,1,1,0,0,3,1,1,1,1,1,0,0,0,10.0,4,2,2,0,2,1,0,0,1
umbel,https://lod-cloud.net/dataset/umbel,0,0,1,0,1,1,0,1,1,0,1,1,0,1,0,0,0,0,0,0,0,0,0,0,0,0,0,2,2,2,2,0,0,0,1,0,0,1,0,0,0,0,0,0,1,1,0,0,3,1,1,1,1,1,0,0,0,10.0,4,2,2,0,2,1,0,0,1
museums-in-italy,https://lod-cloud.net/dataset/museums-in-italy,0,0,1,0,1,1,0,1,1,0,1,1,0,1,0,0,0,0,0,0,0,0,0,0,0,0,0,2,2,2,2,0,0,0,1,0,0,1,0,0,0,0,0,0,1,1,0,0,3,1,1,1,1,1,0,0,0,10.0,4,2,2,0,2,1,0,0,1
dbpedia-pt,https://lod-cloud.net/dataset/dbpedia-pt,0,0,1,0,1,1,0,1,1,0,1,1,0,1,0,0,0,0,0,0,0,0,0,0,0,0,0,2,2,2,2,0,0,0,1,0,0,1,0,0,0,0,0,0,1,1,0,0,3,1,1,1,1,1,0,0,0,10.0,4,2,2,0,2,1,0,0,1
sandrart-net,https://lod-cloud.net/dataset/sandrart-net,0,0,1,0,1,1,0,1,1,0,1,1,0,1,0,0,0,0,0,0,0,0,0,0,0,0,0,2,2,2,2,0,0,0,1,0,0,1,0,0,0,0,0,0,1,1,0,0,3,1,1,1,1,1,0,0,0,10.0,4,2,2,0,2,1,0,0,1
dnb-gemeinsame-normdatei,https://lod-cloud.net/dataset/dnb-gemeinsame-normdatei,0,0,1,0,1,1,0,1,1,0,1,1,0,1,0,0,0,0,0,0,0,0,0,0,0,0,0,2,2,2,2,0,0,0,1,0,0,1,0,0,0,0,0,0,1,1,0,0,3,1,1,1,1,1,0,0,0,10.0,4,2,2,0,2,1,0,0,1
NITP,https://lod-cloud.net/dataset/NITP,0,0,1,0,1,1,0,1,1,0,1,1,0,1,0,0,0,0,0,0,0,0,0,0,0,0,0,2,2,2,2,0,0,0,1,0,0,1,0,0,0,0,0,0,1,1,0,0,3,1,1,1,1,1,0,0,0,10.0,4,2,2,0,2,1,0,0,1
lak-dataset,https://lod-cloud.net/dataset/lak-dataset,0,0,1,0,1,1,0,1,1,0,1,1,0,1,0,0,0,0,0,0,0,0,0,0,0,0,0,2,2,2,2,0,0,0,1,0,0,1,0,0,0,0,0,0,1,1,0,0,3,1,1,1,1,1,0,0,0,10.0,4,2,2,0,2,1,0,0,1
thecontentwrangler-com,https://lod-cloud.net/dataset/thecontentwrangler-com,0,0,1,0,1,1,0,1,1,0,1,1,0,1,0,0,0,0,0,0,0,0,0,0,0,0,0,2,2,2,2,0,0,0,1,0,0,1,0,0,0,0,0,0,1,1,0,0,3,1,1,1,1,1,0,0,0,10.0,4,2,2,0,2,1,0,0,1
schemapedia,https://lod-cloud.net/dataset/schemapedia,0,0,1,0,1,1,0,1,1,0,1,1,0,1,0,0,0,0,0,0,0,0,0,0,0,0,0,2,2,2,2,0,0,0,1,0,0,1,0,0,0,0,0,0,1,1,0,0,3,1,1,1,1,1,0,0,0,10.0,4,2,2,0,2,1,0,0,1
linked-open-numbers,https://lod-cloud.net/dataset/linked-open-numbers,0,0,1,0,1,1,0,1,1,0,1,1,0,1,0,0,0,0,0,0,0,0,0,0,0,0,0,2,2,2,2,0,0,0,1,0,0,1,0,0,0,0,0,0,1,1,0,0,3,1,1,1,1,1,0,0,0,10.0,4,2,2,0,2,1,0,0,1
secold,https://lod-cloud.net/dataset/secold,0,0,1,0,1,1,0,1,1,0,1,1,0,1,0,0,0,0,0,0,0,0,0,0,0,0,0,2,2,2,2,0,0,0,1,0,0,1,0,0,0,0,0,0,1,1,0,0,3,1,1,1,1,1,0,0,0,10.0,4,2,2,0,2,1,0,0,1
qboairbase,https://lod-cloud.net/dataset/qboairbase,0,0,1,0,1,1,0,1,1,0,1,1,0,1,0,0,0,0,0,0,0,0,0,0,0,0,0,2,2,2,2,0,0,0,1,0,0,1,0,0,0,0,0,0,1,1,0,0,3,1,1,1,1,1,0,0,0,10.0,4,2,2,0,2,1,0,0,1
intervalue,https://lod-cloud.net/dataset/intervalue,0,0,1,0,1,1,0,1,1,0,1,1,0,1,0,0,0,0,0,0,0,0,0,0,0,0,0,2,2,2,2,0,0,0,1,0,0,1,0,0,0,0,0,0,1,1,0,0,3,1,1,1,1,1,0,0,0,10.0,4,2,2,0,2,1,0,0,1
jrc-names-mlode,https://lod-cloud.net/dataset/jrc-names-mlode,0,0,1,0,1,1,0,1,1,0,1,1,0,1,0,0,0,0,0,0,0,0,0,0,0,0,0,2,2,2,2,0,0,0,1,0,0,1,0,0,0,0,0,0,1,1,0,0,3,1,1,1,1,1,0,0,0,10.0,4,2,2,0,2,1,0,0,1
ecco-tcp-linked-data,https://lod-cloud.net/dataset/ecco-tcp-linked-data,0,0,1,0,1,1,0,1,1,0,1,1,0,1,0,0,0,0,0,0,0,0,0,0,0,0,0,2,2,2,2,0,0,0,1,0,0,1,0,0,0,0,0,0,1,1,0,0,3,1,1,1,1,1,0,0,0,10.0,4,2,2,0,2,1,0,0,1
eventkg,https://lod-cloud.net/dataset/eventkg,0,0,1,0,1,1,0,1,1,0,1,1,0,1,0,0,0,0,0,0,0,0,0,0,0,0,0,2,2,2,2,0,0,0,1,0,0,1,0,0,0,0,0,0,1,1,0,0,3,1,1,1,1,1,0,0,0,10.0,4,2,2,0,2,1,0,0,1
linked-open-vocabularies-lov,https://lod-cloud.net/dataset/linked-open-vocabularies-lov,0,0,1,0,1,1,0,1,1,0,1,1,0,1,0,0,0,0,0,0,0,0,0,0,0,0,0,2,2,2,2,0,0,0,1,0,0,1,0,0,0,0,0,0,1,1,0,0,3,1,1,1,1,1,0,0,0,10.0,4,2,2,0,2,1,0,0,1
twc-hub,https://lod-cloud.net/dataset/twc-hub,0,0,1,0,1,1,0,1,1,0,1,1,0,1,0,0,0,0,0,0,0,0,0,0,0,0,0,2,2,2,2,0,0,0,1,0,0,1,0,0,0,0,0,0,1,1,0,0,3,1,1,1,1,1,0,0,0,10.0,4,2,2,0,2,1,0,0,1
geoecuador,https://lod-cloud.net/dataset/geoecuador,0,0,1,0,1,1,0,1,1,0,1,1,0,1,0,0,0,0,0,0,0,0,0,0,0,0,0,2,2,2,2,0,0,0,1,0,0,1,0,0,0,0,0,0,1,1,0,0,3,1,1,1,1,1,0,0,0,10.0,4,2,2,0,2,1,0,0,1
loc,https://lod-cloud.net/dataset/loc,0,0,1,0,1,1,0,1,1,0,1,1,0,1,0,0,0,0,0,0,0,0,0,0,0,0,0,2,2,2,2,0,0,0,1,0,0,1,0,0,0,0,0,0,1,1,0,0,3,1,1,1,1,1,0,0,0,10.0,4,2,2,0,2,1,0,0,1
warsampo,https://lod-cloud.net/dataset/warsampo,0,0,1,0,1,1,0,1,1,0,1,1,0,1,0,0,0,0,0,0,0,0,0,0,0,0,0,2,2,2,2,0,0,0,1,0,0,1,0,0,0,0,0,0,1,1,0,0,3,1,1,1,1,1,0,0,0,10.0,4,2,2,0,2,1,0,0,1
dbpedia-commons,https://lod-cloud.net/dataset/dbpedia-commons,0,0,1,0,1,1,0,1,1,0,1,1,0,1,0,0,0,0,0,0,0,0,0,0,0,0,0,2,2,2,2,0,0,0,1,0,0,1,0,0,0,0,0,0,1,1,0,0,3,1,1,1,1,1,0,0,0,10.0,4,2,2,0,2,1,0,0,1
rkb-explorer-webscience,https://lod-cloud.net/dataset/rkb-explorer-webscience,0,0,1,0,1,1,0,1,1,0,1,1,0,1,0,0,0,0,0,0,0,0,0,0,0,0,0,2,2,2,2,0,0,0,1,0,0,1,0,0,0,0,0,0,1,1,0,0,3,1,1,1,1,1,0,0,0,10.0,4,2,2,0,2,1,0,0,1
desaparecidos,https://lod-cloud.net/dataset/desaparecidos,0,0,1,0,1,1,0,1,1,0,1,1,0,1,0,0,0,0,0,0,0,0,0,0,0,0,0,2,2,2,2,0,0,0,1,0,0,1,0,0,0,0,0,0,1,1,0,0,3,1,1,1,1,1,0,0,0,10.0,4,2,2,0,2,1,0,0,1
brazilian-politicians,https://lod-cloud.net/dataset/brazilian-politicians,0,0,1,0,1,1,0,1,1,0,1,1,0,1,0,0,0,0,0,0,0,0,0,0,0,0,0,2,2,2,2,0,0,0,1,0,0,1,0,0,0,0,0,0,1,1,0,0,3,1,1,1,1,1,0,0,0,10.0,4,2,2,0,2,1,0,0,1
dbpedia-fr,https://lod-cloud.net/dataset/dbpedia-fr,0,0,1,0,1,1,0,1,1,0,1,1,0,1,0,0,0,0,0,0,0,0,0,0,0,0,0,2,2,2,2,0,0,0,1,0,0,1,0,0,0,0,0,0,1,1,0,0,3,1,1,1,1,1,0,0,0,10.0,4,2,2,0,2,1,0,0,1
dbpedia-ja,https://lod-cloud.net/dataset/dbpedia-ja,0,0,1,0,1,1,0,1,1,0,1,1,0,1,0,0,0,0,0,0,0,0,0,0,0,0,0,2,2,2,2,0,0,0,1,0,0,1,0,0,0,0,0,0,1,1,0,0,3,1,1,1,1,1,0,0,0,10.0,4,2,2,0,2,1,0,0,1
dbpedia-nl,https://lod-cloud.net/dataset/dbpedia-nl,0,0,1,0,1,1,0,1,1,0,1,1,0,1,0,0,0,0,0,0,0,0,0,0,0,0,0,2,2,2,2,0,0,0,1,0,0,1,0,0,0,0,0,0,1,1,0,0,3,1,1,1,1,1,0,0,0,10.0,4,2,2,0,2,1,0,0,1
semsol-crunchbase,https://lod-cloud.net/dataset/semsol-crunchbase,0,0,1,0,1,1,0,1,1,0,1,1,0,1,0,0,0,0,0,0,0,0,0,0,0,0,0,2,2,2,2,0,0,0,1,0,0,1,0,0,0,0,0,0,1,1,0,0,3,1,1,1,1,1,0,0,0,10.0,4,2,2,0,2,1,0,0,1
data-gov-ie,https://lod-cloud.net/dataset/data-gov-ie,0,0,1,0,1,1,0,1,1,0,1,1,0,1,0,0,0,0,0,0,0,0,0,0,0,0,0,2,2,2,2,0,0,0,1,0,0,1,0,0,0,0,0,0,1,1,0,0,3,1,1,1,1,1,0,0,0,10.0,4,2,2,0,2,1,0,0,1
beneficiaries-of-the-european-commission,https://lod-cloud.net/dataset/beneficiaries-of-the-european-commission,0,0,1,0,1,1,0,1,1,0,1,1,0,1,0,0,0,0,0,0,0,0,0,0,0,0,0,2,2,2,2,0,0,0,1,0,0,1,0,0,0,0,0,0,1,1,0,0,3,1,1,1,1,1,0,0,0,10.0,4,2,2,0,2,1,0,0,1
caligraph,https://lod-cloud.net/dataset/caligraph,0,0,1,0,1,1,0,1,1,0,1,1,0,1,0,0,0,0,0,0,0,0,0,0,0,0,0,2,2,2,2,0,0,0,1,0,0,1,0,0,0,0,0,0,1,1,0,0,3,1,1,1,1,1,0,0,0,10.0,4,2,2,0,2,1,0,0,1
webisalod,https://lod-cloud.net/dataset/webisalod,0,0,1,0,1,1,0,1,1,0,1,1,0,1,0,0,0,0,0,0,0,0,0,0,0,0,0,2,2,2,2,0,0,0,1,0,0,1,0,0,0,0,0,0,1,1,0,0,3,1,1,1,1,1,0,0,0,10.0,4,2,2,0,2,1,0,0,1
notIdentifier,https://lod-cloud.net/dataset/notIdentifier,0,0,1,0,1,1,0,1,1,0,1,1,0,1,0,0,0,0,0,0,0,0,0,0,0,0,0,2,2,2,2,0,0,0,1,0,0,1,0,0,0,0,0,0,1,1,0,0,3,1,1,1,1,1,0,0,0,10.0,4,2,2,0,2,1,0,0,1
dbkwik,https://lod-cloud.net/dataset/dbkwik,0,0,1,0,1,1,0,1,1,0,1,1,0,1,0,0,0,0,0,0,0,0,0,0,0,0,0,2,2,2,2,0,0,0,1,0,0,1,0,0,0,0,0,0,1,1,0,0,3,1,1,1,1,1,0,0,0,10.0,4,2,2,0,2,1,0,0,1
wordlift-io-blog-it,https://lod-cloud.net/dataset/wordlift-io-blog-it,0,0,1,0,1,1,0,1,1,0,1,1,0,1,0,0,0,0,0,0,0,0,0,0,0,0,0,2,2,2,2,0,0,0,1,0,0,1,0,0,0,0,0,0,1,1,0,0,3,1,1,1,1,1,0,0,0,10.0,4,2,2,0,2,1,0,0,1
vulnerapedia,https://lod-cloud.net/dataset/vulnerapedia,0,0,1,0,1,1,0,1,1,0,1,1,0,1,0,0,0,0,0,0,0,0,0,0,0,0,0,2,2,2,2,0,0,0,1,0,0,1,0,0,0,0,0,0,1,1,0,0,3,1,1,1,1,1,0,0,0,10.0,4,2,2,0,2,1,0,0,1
rdflicense,https://lod-cloud.net/dataset/rdflicense,0,0,1,0,1,1,0,1,1,0,1,1,0,1,0,0,0,0,0,0,0,0,0,0,0,0,0,2,2,2,2,0,0,0,1,0,0,1,0,0,0,0,0,0,1,1,0,0,3,1,1,1,1,1,0,0,0,10.0,4,2,2,0,2,1,0,0,1
uberblic,https://lod-cloud.net/dataset/uberblic,0,0,1,0,1,1,0,1,1,0,1,1,0,1,0,0,0,0,0,0,0,0,0,0,0,0,0,2,2,2,2,0,0,0,1,0,0,1,0,0,0,0,0,0,1,1,0,0,3,1,1,1,1,1,0,0,0,10.0,4,2,2,0,2,1,0,0,1
iserve,https://lod-cloud.net/dataset/iserve,0,0,1,0,1,1,0,1,1,0,1,1,0,1,0,0,0,0,0,0,0,0,0,0,0,0,0,2,2,2,2,0,0,0,1,0,0,1,0,0,0,0,0,0,1,1,0,0,3,1,1,1,1,1,0,0,0,10.0,4,2,2,0,2,1,0,0,1
open-election-data-project,https://lod-cloud.net/dataset/open-election-data-project,0,0,1,0,1,1,0,1,1,0,1,1,0,1,0,0,0,0,0,0,0,0,0,0,0,0,0,2,2,2,2,0,0,0,1,0,0,1,0,0,0,0,0,0,1,1,0,0,3,1,1,1,1,1,0,0,0,10.0,4,2,2,0,2,1,0,0,1
linklion,https://lod-cloud.net/dataset/linklion,0,0,1,0,1,1,0,1,1,0,1,1,0,1,0,0,0,0,0,0,0,0,0,0,0,0,0,2,2,2,2,0,0,0,1,0,0,1,0,0,0,0,0,0,1,1,0,0,3,1,1,1,1,1,0,0,0,10.0,4,2,2,0,2,1,0,0,1
dbpedia-lite,https://lod-cloud.net/dataset/dbpedia-lite,0,0,1,0,1,1,0,1,1,0,1,1,0,1,0,0,0,0,0,0,0,0,0,0,0,0,0,2,2,2,2,0,0,0,1,0,0,1,0,0,0,0,0,0,1,1,0,0,3,1,1,1,1,1,0,0,0,10.0,4,2,2,0,2,1,0,0,1
linked-user-feedback,https://lod-cloud.net/dataset/linked-user-feedback,0,0,1,0,1,1,0,1,1,0,1,1,0,1,0,0,0,0,0,0,0,0,0,0,0,0,0,2,2,2,2,0,0,0,1,0,0,1,0,0,0,0,0,0,1,1,0,0,3,1,1,1,1,1,0,0,0,10.0,4,2,2,0,2,1,0,0,1
nom,https://lod-cloud.net/dataset/nom,0,0,1,0,1,1,0,1,1,0,1,1,0,1,0,0,0,0,0,0,0,0,0,0,0,0,0,2,2,2,2,0,0,0,1,0,0,1,0,0,0,0,0,0,1,1,0,0,3,1,1,1,1,1,0,0,0,10.0,4,2,2,0,2,1,0,0,1
serendipity,https://lod-cloud.net/dataset/serendipity,0,0,1,0,1,1,0,1,1,0,1,1,0,1,0,0,0,0,0,0,0,0,0,0,0,0,0,2,2,2,2,0,0,0,1,0,0,1,0,0,0,0,0,0,1,1,0,0,3,1,1,1,1,1,0,0,0,10.0,4,2,2,0,2,1,0,0,1
associations,https://lod-cloud.net/dataset/associations,0,0,1,0,1,1,0,1,1,0,1,1,0,1,0,0,0,0,0,0,0,0,0,0,0,0,0,2,2,2,2,0,0,0,1,0,0,1,0,0,0,0,0,0,1,1,0,0,3,1,1,1,1,1,0,0,0,10.0,4,2,2,0,2,1,0,0,1
provenanceweb,https://lod-cloud.net/dataset/provenanceweb,0,0,1,0,1,1,0,1,1,0,1,1,0,1,0,0,0,0,0,0,0,0,0,0,0,0,0,2,2,2,2,0,0,0,1,0,0,1,0,0,0,0,0,0,1,1,0,0,3,1,1,1,1,1,0,0,0,10.0,4,2,2,0,2,1,0,0,1
whisky-circle-info,https://lod-cloud.net/dataset/whisky-circle-info,0,0,1,0,1,1,0,1,1,0,1,1,0,1,0,0,0,0,0,0,0,0,0,0,0,0,0,2,2,2,2,0,0,0,1,0,0,1,0,0,0,0,0,0,1,1,0,0,3,1,1,1,1,1,0,0,0,10.0,4,2,2,0,2,1,0,0,1
austrian_ski_racers,https://lod-cloud.net/dataset/austrian_ski_racers,0,0,1,0,1,1,0,1,1,0,1,1,0,1,0,0,0,0,0,0,0,0,0,0,0,0,0,2,2,2,2,0,0,0,1,0,0,1,0,0,0,0,0,0,1,1,0,0,3,1,1,1,1,1,0,0,0,10.0,4,2,2,0,2,1,0,0,1
linked-drugs,https://lod-cloud.net/dataset/linked-drugs,0,0,1,0,1,1,0,1,1,0,1,1,0,1,0,0,0,0,0,0,0,0,0,0,0,0,0,2,2,2,2,0,0,0,1,0,0,1,0,0,0,0,0,0,1,1,0,0,3,1,1,1,1,1,0,0,0,10.0,4,2,2,0,2,1,0,0,1
smartlink,https://lod-cloud.net/dataset/smartlink,0,0,1,0,1,1,0,1,1,0,1,1,0,1,0,0,0,0,0,0,0,0,0,0,0,0,0,2,2,2,2,0,0,0,1,0,0,1,0,0,0,0,0,0,1,1,0,0,3,1,1,1,1,1,0,0,0,10.0,4,2,2,0,2,1,0,0,1
nhs-jargon,https://lod-cloud.net/dataset/nhs-jargon,0,0,1,0,1,1,0,1,1,0,1,1,0,1,0,0,0,0,0,0,0,0,0,0,0,0,0,2,2,2,2,0,0,0,1,0,0,1,0,0,0,0,0,0,1,1,0,0,3,1,1,1,1,1,0,0,0,10.0,4,2,2,0,2,1,0,0,1
uriburner,https://lod-cloud.net/dataset/uriburner,0,0,1,0,1,1,0,1,1,0,1,1,0,1,0,0,0,0,0,0,0,0,0,0,0,0,0,2,2,2,2,0,0,0,1,0,0,1,0,0,0,0,0,0,1,1,0,0,3,1,1,1,1,1,0,0,0,10.0,4,2,2,0,2,1,0,0,1
temple-ov-thee-lemur-datasets,https://lod-cloud.net/dataset/temple-ov-thee-lemur-datasets,0,0,1,0,1,1,0,1,1,0,1,1,0,1,0,0,0,0,0,0,0,0,0,0,0,0,0,2,2,2,2,0,0,0,1,0,0,1,0,0,0,0,0,0,1,1,0,0,3,1,1,1,1,1,0,0,0,10.0,4,2,2,0,2,1,0,0,1
imagesnippets,https://lod-cloud.net/dataset/imagesnippets,0,0,1,0,1,1,0,1,1,0,1,1,0,1,0,0,0,0,0,0,0,0,0,0,0,0,0,2,2,2,2,0,0,0,1,0,0,1,0,0,0,0,0,0,1,1,0,0,3,1,1,1,1,1,0,0,0,10.0,4,2,2,0,2,1,0,0,1
lexvo-org,https://lod-cloud.net/dataset/lexvo-org,0,0,1,0,1,1,0,1,1,0,1,1,0,1,0,0,0,0,0,0,0,0,0,0,0,0,0,2,2,2,2,0,0,0,1,0,0,1,0,0,0,0,0,0,1,1,0,0,3,1,1,1,1,1,0,0,0,10.0,4,2,2,0,2,1,0,0,1
epa-tri,https://lod-cloud.net/dataset/epa-tri,0,0,1,0,1,1,0,1,1,0,1,1,0,1,0,0,0,0,0,0,0,0,0,0,0,0,0,2,2,2,2,0,0,0,1,0,0,1,0,0,0,0,0,0,1,1,0,0,3,1,1,1,1,1,0,0,0,10.0,4,2,2,0,2,1,0,0,1
googleart-wrapper,https://lod-cloud.net/dataset/googleart-wrapper,0,0,1,0,1,1,0,1,1,0,1,1,0,1,0,0,0,0,0,0,0,0,0,0,0,0,0,2,2,2,2,0,0,0,1,0,0,1,0,0,0,0,0,0,1,1,0,0,3,1,1,1,1,1,0,0,0,10.0,4,2,2,0,2,1,0,0,1
